{"cameraMode":{"drawMode":0,"name":"Shaded","section":"Shading Mode"},"sceneLighting":true,"audioPlay":false,"sceneViewState":{"showFog":true,"showMaterialUpdate":false,"showSkybox":true,"showFlares":true,"showImageEffects":true,"showParticleSystems":true},"in2DMode":false,"pivot":{"x":-0.1765575408935547,"y":1.8922150135040284,"z":6.097592830657959},"rotation":{"x":-0.12034981697797775,"y":0.4729270339012146,"z":-0.06539151072502136,"w":-0.8703969120979309},"size":4.6437273025512699,"orthographic":false}